INSERT INTO Gazdak (gazda_id, nev, cim_iranyitoszam, cim_varos, cim_utca, cim_hazszam, telefonszam) VALUES
    (101, 'Kovács Anna', '1234', 'Budapest', 'Fő utca', '15', '06701234567'),
    (102, 'Nagy Péter', '5678', 'Debrecen', 'Kossuth utca', '4', '06707654321'),
    (103, 'Szabó Éva', '9101', 'Szeged', 'Jókai utca', '108', '06702345678'),
    (104, 'Szabó Hajnal', '8436', 'Pécs', 'Petőfi utca', '12', '06308592564'),
    (105, 'Horváth Ádám', '8895', 'Miskolc', 'Rákóczi utca', '23', '06208742145'),
    (106, 'Balogh Martin', '8965', 'Győr', 'Szabadság utca', '1', '06707883265'),
    (107, 'Kovács Péter', '7854', 'Veszprém', 'Arany János utca', '9', '06302547823'),
    (108, 'Tóth Evelin', '4569', 'Nyíregyháza', 'Kálvin utca', '117', '06306982145'),
    (109, 'Molnár Emese', '3225', 'Kecskemét', 'Béke utca', '14', '06308445612'),
    (110, 'Papp Attila', '7812', 'Szombathely', 'Dózsa György utca', '3', '06204523687');

INSERT INTO Allatok (allat_id, nev, faj, kor, gazda_id) VALUES
    (201, 'Buksi', 'kutya', 5, 101),
    (202, 'Cirmi', 'macska', 3, 102),
    (203, 'Füles', 'nyúl', 2, 103),
    (204, 'Tappancs', 'kutya', 2, 104),
    (205, 'Folti', 'kutya', 11, 105),
    (206, 'Hópihe', 'cica', 13, 106),
    (207, 'Tapsi', 'nyúl', 2, 107),
    (208, 'Boci', 'tengerimalac', 4, 108),
    (209, 'Borsó', 'hörcsög', 1, 109),
    (210, 'Füge', 'kutya', 1, 110),
    (211, 'Cuki', 'macska', 7, 102),
    (212, 'Husi', 'hörcsög', 2, 105),
    (213, 'Kormi', 'kutya', 2, 104),
    (214, 'Cila', 'macska', 1, 108),
    (215, 'Monty', 'nyúl', 7, 106);

  INSERT INTO EgzotikusOrvos (engedely_id, orvos_id, elvegzes_eve) VALUES
    (1, 301, 2015),
    (2, 302, 2017),
    (3, 303, 2016),
    (4, 304, 2018),
    (5, 305, 2019),
    (6, 306, 2016),
    (7, 307, 2017),
    (8, 308, 2020),
    (9, 309, 2018),
    (10, 310, 2017);

INSERT INTO Orvosok (orvos_id, nev, telefonszam) VALUES
    (301, 'Dr. Kovács László', '06708650723'),
    (302, 'Dr. Nagy Éva', '06208501014'),
    (303, 'Dr. Szabó Péter', '06302153227'),
    (304, 'Dr. Kiss Andrea', '06201475613'),
    (305, 'Dr. Tóth János', '06703961750'),
    (306, 'Dr. Molnár Gábor', '06205460740'),
    (307, 'Dr. Varga Mária', '06706543210'),
    (308, 'Dr. Papp Zoltán', '06303638479'),
    (309, 'Dr. Farkas László', '06307477686'),
    (310, 'Dr. Horváth Erika', '06702586750'),
    (311, 'Dr. Tóth Gábor', '06308349148'),
    (312, 'Dr. Kiss Laura', '06304315963'),
    (313, 'Dr. Szilágyi Márk', '06205373670'),
    (314, 'Dr. László Zsófia', '06307363202'),
    (315, 'Dr. Péter Bálint', '06707363202');
    
INSERT INTO Orvos_Szakterulet (orvos_id, szakterulet) VALUES
    (301, 'Általános állatgyógyászat'),
    (302, 'Anesztézia'),
    (303, 'Belgyógyászat'),
    (304, 'Fizikoterápia'),
    (305, 'Klinikai ellátás'),
    (306, 'Sebészet'),
    (307, 'Röntgen'),
    (308, 'Ultrahang'),
    (309, 'Bőrgyógyászat'),
    (310, 'Fogászat'),
    (311, 'Kardiológia'),
    (312, 'Ortopédia'),
    (313, 'Szemészet'),
    (314, 'Mágnesterápia'),
    (315, 'Anesztézia'),
    (309, 'Röntgen'),
    (305, 'Belgyógyászat'),
	(312, 'Fizikoterápia'),
    (306, 'Klinikai ellátás'),
    (313, 'Ultrahang'),
    (310, 'Röntgen');

INSERT INTO Vizsgalatok (vizsgalat_id, datum, tipus, allat_id, orvos_id) VALUES
    (401, '2024-01-10', 'Általános vizsgálat', 201, 301),
    (402, '2024-01-15', 'Anesztézia előkészítés', 202, 302),
    (403, '2024-02-20', 'Belgyógyászati vizsgálat', 203, 303),
    (404, '2024-03-05', 'Fizikoterápia kezelés', 204, 304),
    (405, '2024-03-20', 'Klinikai rutin vizsgálat', 205, 305),
    (406, '2024-04-01', 'Sebészeti konzultáció', 206, 306),
    (407, '2024-04-12', 'Röntgen vizsgálat', 207, 307),
    (408, '2024-05-01', 'Ultrahangos vizsgálat', 208, 308),
    (409, '2024-05-15', 'Bőrgyógyászati ellenőrzés', 209, 309),
    (410, '2024-06-10', 'Anesztézia', 210, 302),
    (411, '2024-06-20', 'Kardiológiai vizsgálat', 211, 311),
    (412, '2024-07-10', 'Ortopédiai vizsgálat', 212, 312),
    (413, '2024-07-25', 'Szemészeti vizsgálat', 213, 313),
    (414, '2024-08-15', 'Mágnesterápia', 214, 314),
    (415, '2024-09-10', 'Fogászati ellenőrzés', 215, 310);

INSERT INTO Vizsgalatok_Orvosok(vizsgalat_id, orvos_id, atlag_idotartam, vizsgalat_koltseg) VALUES
    (401, 301, 30, 15000),
    (402, 302, 45, 20000),
    (403, 303, 25, 12000),
    (404, 304, 60, 18000),
    (405, 305, 20, 14000),
    (406, 306, 35, 22000),
    (407, 307, 50, 17000),
    (408, 308, 40, 19000),
    (409, 309, 30, 16000),
    (410, 302, 45, 21000),
    (411, 311, 55, 23000),
    (412, 312, 20, 14000),
    (413, 313, 25, 15000),
    (414, 314, 35, 20000),
    (415, 310, 45, 22000);


INSERT INTO Kezelesek (kezeles_id, tipus, datum, vizsgalat_id, orvos_id) VALUES
    (501, 'Védőoltás', '2024-01-11', 401, 301),
    (502, 'Altatás műtéthez', '2024-01-16', 402, 302),
    (503, 'Vérvétel', '2024-02-21', 403, 303),
    (504, 'Masszázs', '2024-03-06', 404, 304),
    (505, 'Állapotfelmérés', '2024-03-21', 405, 305),
    (506, 'Tályog eltávolítás', '2024-04-02', 406, 306),
    (507, 'Csonttörés ellenőrzés', '2024-04-13', 407, 307),
    (508, 'Ultrahang bélelzáródás miatt', '2024-05-02', 408, 308),
    (509, 'Atka kezelése', '2024-05-16', 409, 309),
    (510, 'Altatás', '2024-06-11', 410, 302),
    (511, 'Szívultrahang', '2024-06-21', 411, 311),
    (512, 'Csonttörés rögzítése', '2024-07-06', 412, 312),
    (513, 'Szemészeti műtét', '2024-08-02', 413, 313),
    (514, 'Mágnesterápiás kezelés', '2024-08-16', 414, 314),
    (515, 'Metszőfogak eltávolítása', '2024-09-02', 415, 310),
    (516, 'Sebvarrat eltávolítás', '2024-04-16', 406, 306),
    (517, 'Atka kontrollvizsgálat', '2024-05-17', 409, 309),
    (518, 'Műtét utáni ellenőrzés', '2024-08-12', 401, 301),
    (519, 'Altatás utáni megfigyelés', '2024-01-17', 402, 302),
    (520, 'Foghúzás utáni kontroll', '2024-09-03', 415, 310);

